food_code,food_name,region,energy_kj,protein_g,fat_g,carbohydrates_g,fiber_g,calcium_mg,iron_mg,magnesium_mg,zinc_mg,phosphorus_mg,potassium_mg,sodium_mg,vitamin_c_mg,folate_mcg
A001,"Amaranth seed, black",1,1490,14.59,5.74,59.98,7.02,181.0,9.33,325.0,2.66,374.0,433.0,2.7,0.0,27.44
A002,"Amaranth seed, pale brown",6,1489,13.27,5.56,61.46,7.47,162.0,8.02,270.0,2.52,412.0,413.0,2.81,0.0,24.65
A003,Bajra,6,1456,10.96,5.43,61.78,11.49,27.35,6.42,124.0,2.76,289.0,365.0,4.11,0.0,36.11
A004,Barley,6,1321,10.94,1.3,61.29,15.64,28.64,1.56,48.97,1.5,178.0,268.0,7.56,0.0,31.58
A005,Jowar,6,1398,9.97,1.73,67.68,10.22,27.6,3.95,133.0,1.96,274.0,328.0,5.42,0.0,39.42
A006,"Maize, dry",6,1398,8.8,3.77,64.77,12.24,8.91,2.49,145.0,2.27,279.0,291.0,4.44,0.0,25.81
A007,"Maize, tender, local",6,502,3.57,1.4,22.69,3.67,6.35,0.71,47.62,0.97,163.0,167.0,2.24,4.26,62.96
A008,"Maize, tender, sweet",4,405,4.16,1.35,16.42,3.3,6.37,0.54,36.51,0.77,121.0,297.0,2.23,5.72,59.71
A009,Quinoa,1,1374,13.11,5.5,53.65,14.66,198.0,7.51,119.0,3.31,212.0,474.0,4.5,0.0,173.0
A010,Ragi,5,1342,7.16,1.92,66.82,11.18,364.0,4.62,146.0,2.53,210.0,443.0,4.75,0.0,34.66
A011,Rice flakes,6,1480,7.44,1.14,76.75,3.46,9.19,4.46,77.92,1.49,195.0,148.0,2.58,0.0,8.46
A012,Rice puffed,6,1514,7.47,1.62,77.68,2.56,15.09,4.55,64.59,1.45,152.0,140.0,3.69,0.0,0.0
A013,"Rice, raw, brown",6,1480,9.16,1.24,74.8,4.43,10.93,1.02,93.91,1.68,267.0,199.0,3.64,0.0,11.51
A014,"Rice, parboiled, milled",6,1471,7.81,0.55,77.16,3.74,8.11,0.72,26.72,1.08,140.0,142.0,3.16,0.0,9.75
A015,"Rice, raw, milled",6,1491,7.94,0.52,78.24,2.81,7.49,0.65,19.3,1.21,96.0,108.0,2.34,0.0,9.32
A016,Samai,6,1449,10.13,3.89,65.55,7.72,16.06,1.26,91.41,1.82,130.0,105.0,4.77,0.0,36.2
A017,Varagu,5,1388,8.92,2.55,66.19,6.39,15.27,2.34,122.0,1.65,101.0,94.0,3.35,0.0,39.49
A018,"Wheat flour, refined",6,1472,10.36,0.76,74.27,2.76,20.4,1.77,30.69,0.88,110.0,148.0,1.54,0.0,16.25
A019,"Wheat flour, atta",6,1340,10.57,1.53,64.17,11.36,30.94,4.1,125.0,2.85,315.0,311.0,2.04,0.0,29.22
A020,"Wheat, whole",6,1347,10.59,1.47,64.72,11.23,39.36,3.97,125.0,2.85,315.0,366.0,2.5,0.0,30.09
A021,"Wheat, bulgur",6,1430,10.84,1.45,69.06,8.81,27.09,3.86,116.0,1.97,245.0,330.0,2.09,0.0,26.3
A022,"Wheat, semolina",6,1396,11.38,0.74,68.43,9.72,29.38,2.98,37.89,2.13,119.0,284.0,2.31,0.0,25.68
A023,"Wheat, vermicelli",6,1392,9.7,0.45,70.39,9.28,19.42,2.02,34.18,0.83,99.0,163.0,2.71,0.0,14.35
A024,"Wheat, vermicelli, roasted",6,1423,10.37,0.49,71.42,9.55,22.63,2.09,39.03,0.88,107.0,177.0,3.43,0.0,13.21
B001,"Bengal gram, dal",6,1377,21.55,5.31,46.72,15.15,46.32,6.08,118.0,3.65,325.0,957.0,20.83,0.0,182.0
B002,"Bengal gram, whole",6,1201,18.77,5.11,39.56,25.22,150.0,6.78,160.0,3.37,267.0,935.0,26.56,0.0,233.0
B003,"Black gram, dal",6,1356,23.06,1.69,51.0,11.93,55.67,4.67,173.0,3.0,375.0,1157.0,18.88,0.0,88.75
B004,"Black gram, whole",6,1219,21.97,1.58,43.99,20.41,86.18,5.97,190.0,3.05,345.0,1093.0,26.8,0.0,134.0
B005,"Cowpea, brown",6,1340,20.36,1.15,54.62,11.54,81.73,5.9,213.0,3.41,372.0,1241.0,13.68,0.0,231.0
B006,"Cowpea, white",1,1340,21.25,1.14,53.77,11.7,84.1,5.04,213.0,3.57,378.0,1243.0,12.52,0.0,249.0
B007,"Field bean, black",1,1155,19.93,0.92,43.46,23.4,78.16,4.5,197.0,2.42,457.0,1272.0,1.35,0.0,291.0
B008,"Field bean, brown",1,1184,19.9,0.98,45.24,22.4,75.2,4.99,173.0,2.44,429.0,1245.0,1.41,0.0,292.0
B009,"Field bean, white",5,1173,19.84,0.94,44.53,22.99,77.24,5.5,190.0,2.8,448.0,1360.0,1.7,0.0,289.0
B010,"Green gram, dal",6,1363,23.88,1.35,52.59,9.37,43.13,3.93,155.0,2.49,416.0,1268.0,10.14,0.0,92.11
B011,"Green gram, whole",6,1229,22.53,1.14,46.13,17.04,92.43,4.89,198.0,2.67,353.0,1177.0,12.48,0.0,145.0
B012,"Horse gram, whole",6,1379,21.73,0.62,57.24,7.88,269.0,8.76,152.0,2.71,298.0,1065.0,12.14,0.0,163.0
B013,Lentil dal,6,1349,24.35,0.75,52.53,10.43,44.32,7.06,74.69,3.61,310.0,786.0,10.27,0.0,49.99
B014,"Lentil whole, brown",6,1251,22.49,0.64,48.47,16.82,76.13,7.57,101.0,3.6,274.0,756.0,11.2,0.0,132.0
B015,"Lentil whole, yellowish",2,1246,22.87,0.61,47.91,16.66,76.66,7.91,86.38,3.31,261.0,764.0,10.87,0.0,121.0
B016,Moth bean,6,1291,19.75,1.76,52.09,15.12,154.0,7.9,205.0,1.92,362.0,1356.0,26.34,0.0,349.0
B017,"Peas, dry",6,1269,20.43,1.89,48.93,17.01,75.11,5.09,123.0,3.1,334.0,922.0,23.4,0.0,110.0
B018,"Rajmah, black",2,1247,19.01,1.62,49.59,17.74,134.0,6.17,160.0,3.08,386.0,1362.0,9.4,0.0,332.0
B019,"Rajmah, brown",6,1245,19.5,1.68,48.83,16.95,134.0,6.3,164.0,2.6,396.0,1366.0,10.47,0.0,330.0
B020,"Rajmah, red",3,1252,19.91,1.77,48.61,16.57,126.0,6.13,173.0,2.69,409.0,1324.0,10.45,0.0,316.0
B021,"Red gram, dal",6,1384,21.7,1.56,55.23,9.06,71.73,3.9,119.0,2.63,328.0,1395.0,18.01,0.0,108.0
B022,"Red gram, whole",6,1146,20.47,1.38,42.48,22.84,139.0,5.37,155.0,2.99,312.0,1303.0,19.03,0.0,229.0
B023,Ricebean,1,1265,19.97,0.74,51.26,13.37,200.0,4.76,201.0,2.29,270.0,1196.0,10.62,1.11,122.0
B024,"Soya bean, brown",6,1596,35.58,19.82,12.79,21.55,239.0,8.29,259.0,4.01,483.0,1613.0,2.07,0.0,297.0
B025,"Soya bean, white",1,1579,37.8,19.42,10.16,22.63,195.0,8.22,189.0,3.47,494.0,1634.0,2.83,0.0,288.0
C001,Agathi leaves,1,295,8.01,1.35,5.21,8.6,901.0,4.36,96.64,0.53,52.52,674.0,18.12,121.0,120.0
C002,"Amaranth leaves, green",6,128,3.29,0.65,2.28,4.41,330.0,4.64,194.0,0.86,73.22,572.0,16.08,83.54,70.33
C003,"Amaranth leaves, red mix",1,140,3.93,0.63,2.37,4.91,245.0,7.25,177.0,1.37,75.98,564.0,14.58,86.2,81.95
C004,"Amaranth leaves, red and green mix",4,132,3.09,0.53,2.87,4.6,269.0,5.28,146.0,1.03,68.23,597.0,17.55,77.24,69.08
C005,"Amaranth spinosus, leaves, green mix",4,110,3.54,0.36,1.61,5.1,359.0,6.37,202.0,1.57,72.46,569.0,15.66,82.56,41.44
C006,"Amaranth spinosus, leaves, red and green mix",2,99,2.8,0.34,1.45,5.57,372.0,4.58,187.0,1.11,85.02,588.0,16.27,77.3,44.23
C007,Basella leaves,2,82,1.57,0.45,2.01,2.21,93.89,4.2,153.0,0.39,37.26,337.0,18.74,63.35,90.31
C008,Bathua leaves,2,116,2.5,0.44,2.56,4.01,211.0,2.66,48.41,0.98,37.55,438.0,10.75,41.03,42.55
C009,Beet greens,6,145,2.38,0.75,3.86,3.64,151.0,5.8,120.0,0.16,36.02,530.0,111.0,35.83,11.52
C010,"Betel leaves, big (kolkata)",6,202,2.51,0.75,7.37,2.12,207.0,3.0,107.0,0.47,51.73,649.0,16.8,18.4,15.96
C011,"Betel leaves, small",4,183,2.62,0.75,6.16,1.97,196.0,2.87,89.94,0.39,55.72,678.0,14.04,24.51,16.56
C012,Brussels sprouts,1,185,4.26,0.5,5.09,4.29,53.99,1.54,32.99,0.57,98.56,639.0,18.51,89.45,85.01
C013,"Cabbage, Chinese",1,75,1.58,0.13,2.36,2.01,58.46,0.39,11.51,0.19,33.05,258.0,20.28,19.32,54.51
C014,"Cabbage, collard greens",1,126,3.63,0.27,2.79,2.98,170.0,2.67,45.9,0.35,54.67,292.0,22.98,40.76,63.46
C015,"Cabbage, green",6,90,1.36,0.12,3.25,2.76,51.76,0.35,17.99,0.16,30.15,233.0,14.98,33.25,46.36
C016,"Cabbage, violet",2,97,1.39,0.21,3.54,2.21,48.0,0.24,26.87,0.13,22.14,201.0,24.0,43.49,34.81
C017,Cauliflower leaves,6,148,3.9,0.42,3.39,3.43,96.7,2.42,41.5,0.31,62.82,374.0,24.31,52.84,42.99
C018,"Colocasia leaves, green",6,182,3.42,1.38,3.69,5.6,216.0,3.41,59.44,0.82,57.88,404.0,12.08,40.71,159.0
C019,Drumstick leaves,3,282,6.41,1.64,5.62,8.21,314.0,4.56,97.09,0.72,109.0,397.0,9.34,108.0,42.89
C020,Fenugreek leaves,5,144,3.68,0.83,2.17,4.9,274.0,5.69,63.67,0.54,53.05,226.0,47.01,58.25,75.26
C021,Garden cress,2,208,5.62,0.8,4.48,2.6,217.0,6.19,79.24,1.52,45.55,379.0,25.35,42.75,58.1
C022,"Gogu leaves, green",4,152,1.86,1.09,4.06,4.59,145.0,7.65,83.09,0.65,41.99,260.0,12.34,29.65,74.94
C023,"Gogu leaves, red",1,153,1.85,1.07,4.24,3.89,129.0,9.56,75.75,0.63,36.38,161.0,14.08,35.43,88.63
C024,"Knol-Khol, leaves",2,178,3.12,0.35,6.16,2.76,368.0,2.51,66.0,0.42,55.02,309.0,26.8,71.11,41.55
C025,Lettuce,3,91,1.54,0.27,3.01,1.79,56.71,2.73,43.22,0.51,44.1,279.0,17.53,11.91,30.69
C026,Mustard leaves,3,127,3.52,0.51,2.41,3.92,191.0,2.84,51.63,0.68,71.62,403.0,19.14,60.32,110.0
C027,Pak Choi leaves,1,67,1.41,0.25,1.78,1.91,150.0,3.78,45.28,0.16,25.95,250.0,33.73,55.6,98.5
C028,Parsley,3,305,5.55,1.14,9.43,3.87,288.0,5.51,49.18,1.29,78.56,466.0,53.08,133.0,197.0
C029,Ponnaganni,2,213,5.29,0.71,5.17,6.74,388.0,3.88,80.39,0.99,58.26,457.0,39.36,103.0,48.42
C030,"Pumpkin leaves, tender",6,185,4.21,0.74,4.75,2.25,271.0,5.58,84.21,0.9,64.54,423.0,12.2,12.33,33.82
C031,Radish leaves,6,109,2.22,0.51,2.77,1.82,234.0,3.82,57.96,0.49,50.08,304.0,17.39,65.76,53.14
C032,Rumex leaves,2,82,1.62,0.33,2.33,1.27,131.0,3.67,48.33,0.46,32.4,336.0,19.95,53.76,41.01
C033,Spinach,6,102,2.14,0.64,2.05,2.38,82.29,2.95,86.97,0.46,32.59,625.0,42.55,30.28,142.0
C034,"Tamarind leaves, tender",3,299,5.84,0.49,10.04,10.7,66.93,2.84,42.1,0.93,86.86,465.0,13.43,28.22,91.82
D001,Ash gourd,6,73,0.79,0.14,2.84,3.37,19.39,0.47,19.95,0.13,29.07,372.0,0.77,11.41,14.11
D002,"Bamboo shoot, tender",1,68,1.33,0.35,1.67,1.55,10.0,0.33,8.28,0.37,39.63,422.0,1.12,15.74,17.05
D003,"Bean scarlet, tender",5,179,2.86,0.99,5.16,4.5,43.48,0.73,43.75,0.57,62.13,164.0,1.46,6.61,45.26
D004,"Bitter gourd, jagged, teeth ridges, elongate",6,87,1.44,0.24,2.82,3.78,21.36,1.15,32.14,0.31,44.9,326.0,13.09,46.53,60.28
D005,"Bitter gourd, jagged, teeth ridges, short",4,79,1.34,0.24,2.53,3.49,16.27,1.08,31.58,0.36,40.21,282.0,12.59,50.87,51.45
D006,"Bitter gourd, jagged, smooth ridges, elongate",1,81,1.61,0.26,2.29,3.72,17.62,1.28,33.34,0.43,44.75,356.0,11.16,54.3,60.03
D007,"Bottle gourd, elongate, pale green",6,46,0.53,0.13,1.68,2.12,15.42,0.26,10.93,0.15,16.01,124.0,1.46,4.33,41.99
D008,"Bottle gourd, round, pale green",5,57,0.42,0.12,2.53,2.1,15.05,0.28,10.89,0.15,16.99,116.0,1.52,4.54,49.59
D009,"Bottle gourd, elongate, dark green",1,54,0.49,0.13,2.25,2.11,16.64,0.34,12.9,0.18,26.86,171.0,1.35,3.8,46.31
D010,Brinjal-1,1,114,1.77,0.39,3.49,3.57,22.17,0.49,26.75,0.32,39.95,302.0,3.15,1.58,37.22
D011,Brinjal-2,1,99,1.82,0.34,2.71,4.01,17.13,0.44,29.56,0.23,44.65,206.0,3.92,1.03,27.22
D012,Brinjal-3,2,102,1.36,0.33,3.38,4.26,14.58,0.34,18.62,0.2,27.79,192.0,3.12,2.34,32.29
D013,Brinjal-4,4,100,1.51,0.31,3.19,4.04,13.39,0.38,20.65,0.21,31.82,268.0,3.31,2.22,36.67
D014,Brinjal-5,3,111,1.38,0.29,4.02,4.13,17.03,0.36,25.36,0.2,33.13,227.0,4.03,3.15,32.21
D015,Brinjal-6,2,97,1.46,0.29,3.29,3.68,17.17,0.39,18.82,0.2,30.12,289.0,3.75,1.49,34.21
D016,Brinjal-7,1,98,1.4,0.37,3.1,3.32,19.95,0.27,15.26,0.16,29.58,238.0,3.45,1.08,26.58
D017,Brinjal-8,3,117,1.82,0.33,3.75,4.01,21.0,0.42,26.63,0.24,35.84,284.0,4.73,1.89,33.89
D018,Brinjal-9,2,106,1.47,0.35,3.52,4.0,18.79,0.38,26.23,0.23,35.71,224.0,3.08,1.72,35.89
D019,Brinjal-10,2,116,1.68,0.25,4.08,3.9,15.59,0.41,22.11,0.23,37.36,252.0,4.35,2.4,37.11
D020,Brinjal-11,6,105,1.43,0.31,3.53,4.12,15.92,0.37,20.73,0.22,33.28,260.0,3.47,2.24,34.24
D021,Brinjal-12,2,93,1.6,0.27,2.73,3.89,19.85,0.37,19.26,0.25,37.81,259.0,3.88,2.55,27.83
D022,Brinjal-13,1,124,1.49,0.31,4.51,3.92,18.95,0.32,18.0,0.19,26.81,260.0,3.0,1.49,30.99
D023,Brinjal-14,3,106,1.56,0.35,3.27,3.87,14.43,0.32,19.19,0.19,30.07,246.0,3.71,1.83,38.99
D024,Brinjal-15,4,114,1.58,0.29,3.96,3.99,17.82,0.36,21.89,0.22,30.32,215.0,3.34,2.01,32.48
D025,Brinjal-16,1,103,1.26,0.34,3.46,3.74,18.33,0.32,17.06,0.19,29.86,294.0,3.22,1.53,30.87
D026,Brinjal-17,1,91,1.18,0.36,2.89,3.94,20.83,0.5,23.13,0.25,35.94,233.0,3.09,1.95,27.7
D027,Brinjal-18,3,116,1.47,0.33,4.1,4.38,16.24,0.38,15.48,0.18,28.03,208.0,3.63,1.97,38.27
D028,Brinjal-19,3,100,1.26,0.31,3.39,3.97,16.1,0.32,18.41,0.19,29.76,243.0,3.11,2.53,34.32
D029,Brinjal-20,5,99,1.44,0.34,3.15,3.73,14.36,0.33,18.51,0.2,31.21,239.0,3.58,2.21,33.44
D030,Brinjal-21,2,113,1.36,0.35,3.93,3.85,15.27,0.34,17.3,0.2,34.98,252.0,3.06,1.38,32.6
D031,Brinjal - all varieties,6,106,1.48,0.32,3.52,3.98,16.59,0.37,21.0,0.21,32.56,247.0,3.55,2.09,33.93
D032,Broad beans,3,123,3.85,0.15,2.11,8.63,64.37,0.94,40.18,0.61,67.97,362.0,20.74,10.98,20.46
D033,"Capsicum, green",6,68,1.11,0.34,1.84,2.06,14.75,0.48,11.84,0.15,23.0,154.0,1.84,123.0,51.85
D034,"Capsicum, red",4,83,1.47,0.47,2.14,2.19,15.76,0.38,19.57,0.34,30.81,224.0,1.7,112.0,62.54
D035,"Capsicum, yellow",4,78,1.35,0.41,1.95,2.19,19.13,0.69,17.23,0.26,43.33,242.0,1.56,127.0,66.15
D036,Cauliflower,6,96,2.15,0.44,2.03,3.71,25.16,0.96,23.08,0.31,47.33,329.0,30.72,47.14,45.95
D037,Celery stalk,3,69,0.98,0.24,2.33,2.09,38.73,1.36,17.12,0.18,44.84,298.0,10.68,12.3,22.48
D038,Cho-cho-marrow,4,79,0.66,0.15,3.47,1.55,18.64,0.48,13.05,0.1,21.61,120.0,1.28,20.21,63.03
D039,Cluster beans,6,168,3.55,0.37,4.91,4.83,121.0,3.9,81.74,0.61,45.28,301.0,4.05,17.96,41.24
D040,"Colocasia, stem, black",1,100,0.76,0.34,3.83,3.01,29.46,0.77,11.07,0.54,20.31,381.0,0.45,5.15,30.88
D041,"Colocasia, stem, green",5,81,0.91,0.22,2.86,2.33,40.21,0.55,19.56,0.2,30.73,414.0,0.6,5.83,25.32
D042,"Corn, Baby",6,306,2.69,1.33,11.66,6.09,76.51,1.45,25.47,1.13,8.69,260.0,1.4,8.59,45.53
D043,"Cucumber, green, elongate",6,82,0.71,0.16,3.48,2.14,16.39,0.46,20.38,0.17,28.34,183.0,6.33,6.11,16.84
D044,"Cucumber, green, short",6,73,0.83,0.18,2.82,2.13,19.25,0.59,18.48,0.19,29.74,198.0,6.11,6.21,14.67
D045,"Cucumber, orange, round",2,82,0.98,0.24,3.01,2.46,21.98,0.45,20.34,0.16,23.17,185.0,8.16,6.24,18.77
D046,Drumstick,6,123,2.62,0.12,3.76,6.83,33.3,0.73,38.1,0.31,52.87,419.0,22.38,71.86,62.75
D047,"Field beans, tender, broad",2,129,3.06,0.64,2.75,5.64,70.57,1.95,50.88,0.64,73.3,345.0,14.14,5.99,123.0
D048,"Field beans, tender, lean",6,140,3.71,0.6,2.85,6.19,58.59,1.48,47.42,0.63,76.54,314.0,12.76,3.84,127.0
D049,"French beans, country",5,102,2.49,0.26,2.68,4.38,55.99,1.25,43.01,0.5,59.86,324.0,8.84,15.81,47.45
D050,"French beans, hybrid",2,93,2.12,0.19,2.63,4.18,49.9,0.98,34.98,0.37,45.9,317.0,9.18,1.38,61.98
D051,"Jack fruit, raw",5,110,1.98,0.35,3.48,7.69,45.74,0.31,26.6,0.17,27.78,327.0,3.53,17.51,35.73
D052,"Jack fruit, seed, mature",5,322,5.79,0.44,11.81,8.63,37.56,0.37,37.04,0.29,29.33,376.0,4.0,9.68,54.58
D053,Knol - Khol,6,67,1.58,0.35,1.39,2.75,35.26,0.24,19.05,0.15,40.77,327.0,27.46,64.7,14.76
D054,"Kovai, big",6,73,1.39,0.24,2.01,3.0,34.39,0.38,19.6,0.18,36.9,198.0,1.53,17.62,48.68
D055,"Kovai, small",1,80,1.22,0.24,2.41,3.25,37.12,0.29,18.87,0.13,26.29,167.0,2.2,21.08,50.13
D056,Ladies finger,6,115,2.08,0.22,3.62,4.08,86.12,0.84,66.1,0.45,57.48,263.0,7.37,22.51,63.68
D057,"Mango, green, raw",6,205,0.69,0.08,10.59,3.01,27.0,0.4,17.54,0.09,14.92,147.0,33.15,90.24,25.86
D058,"Onion, stalk",6,107,2.07,0.26,2.99,5.21,31.12,3.09,66.71,0.99,28.53,312.0,15.52,27.23,57.61
D059,"Papaya, raw",6,100,0.5,0.23,4.4,2.28,22.72,0.2,15.03,0.08,24.11,173.0,7.55,20.73,29.79
D060,Parwar,6,101,1.4,0.3,3.54,2.61,30.76,0.5,24.59,0.23,33.81,117.0,2.29,19.24,19.96
D061,"Peas, fresh",6,340,7.25,0.13,11.88,6.32,28.24,1.58,40.11,1.09,55.95,249.0,3.66,38.4,54.77
D062,"Plantain, flower",6,89,1.47,0.63,2.15,5.25,34.06,0.4,39.76,0.42,47.31,488.0,7.51,6.49,49.27
D063,"Plantain, green",6,334,1.18,0.23,17.58,3.6,13.8,0.34,35.64,0.23,31.69,402.0,18.57,23.28,18.96
D064,"Plantain, stem",6,165,0.35,0.16,8.64,2.12,11.24,0.26,32.82,0.14,16.31,373.0,23.17,3.77,12.85
D065,"Pumpkin, green, cylindrical",1,103,0.87,0.18,4.22,2.53,24.1,0.29,13.27,0.14,24.51,186.0,5.21,7.29,31.6
D066,"Pumpkin, orange, round",6,97,0.84,0.16,4.0,2.56,23.06,0.36,10.43,0.11,22.18,253.0,8.81,8.04,24.14
D067,"Red gram, tender, fresh",1,520,8.09,0.92,19.46,5.9,58.58,1.18,56.95,1.1,141.0,616.0,2.54,15.13,94.21
D068,Ridge gourd,6,55,0.91,0.14,1.72,1.81,13.7,0.42,16.15,0.22,33.06,118.0,4.71,5.42,29.26
D069,"Ridge gourd, smooth skin",3,64,0.98,0.13,2.24,1.85,14.96,0.5,17.66,0.26,39.25,125.0,6.27,8.1,27.36
D070,"Snake gourd, long, pale green",6,52,0.98,0.25,1.27,2.27,24.6,0.32,18.7,0.14,23.27,100.0,7.07,2.72,18.34
D071,"Snake gourd, long, dark green",2,50,0.89,0.25,1.23,2.27,27.11,0.47,21.7,0.2,31.03,104.0,5.04,2.85,16.52
D072,"Snake gourd, short",1,61,0.54,0.26,2.15,2.29,17.9,0.2,15.07,0.11,21.33,84.0,2.5,2.3,17.74
D073,"Tinda, tender",6,58,1.02,0.17,1.9,2.0,19.68,0.41,18.96,0.2,30.37,56.18,20.61,14.2,43.23
D074,"Tomato, green",6,87,1.12,0.27,3.18,1.62,8.49,0.42,13.57,0.16,22.5,225.0,13.11,16.41,12.51
D075,"Tomato, ripe, hybrid",6,79,0.76,0.25,3.2,1.58,8.9,0.22,11.86,0.11,15.45,167.0,11.86,25.27,15.41
D076,"Tomato, ripe, local",6,82,0.9,0.47,2.71,1.77,10.17,0.3,13.65,0.12,18.77,204.0,9.73,27.47,19.46
D077,"Zucchini, green",2,84,1.1,0.51,2.33,2.3,17.26,0.52,15.41,0.29,21.38,178.0,0.4,15.78,18.85
D078,"Zucchini, yellow",2,79,1.31,0.44,2.2,1.84,20.98,0.34,10.82,0.27,32.03,131.0,0.39,16.71,21.5
E001,"Apple, big",6,261,0.29,0.64,13.11,2.59,13.68,0.26,8.09,0.09,10.44,116.0,1.43,3.57,3.04
E002,"Apple, green",6,214,0.46,0.5,10.65,2.54,6.53,0.2,5.42,0.08,7.48,94.55,1.47,2.9,3.43
E003,"Apple, small",6,267,0.31,0.53,13.95,2.06,5.39,0.25,5.48,0.05,8.39,100.0,1.45,4.0,3.52
E004,"Apple, small, Kashmir",1,269,0.27,0.6,13.99,2.07,4.72,0.21,5.19,0.08,10.72,106.0,1.22,4.24,3.97
E005,"Apricot, dried",6,1321,3.17,0.74,72.63,3.32,28.57,2.5,14.04,0.41,72.02,285.0,3.94,0.42,10.5
E006,"Apricot, processed",3,236,1.47,0.64,10.93,0.59,5.42,1.12,4.29,0.26,27.33,95.0,1.6,7.98,5.42
E007,Avocado fruit,1,604,2.95,13.86,1.75,6.69,28.48,0.81,48.14,0.75,63.14,377.0,2.81,9.36,67.17
E008,Bael fruit,1,569,2.63,0.57,28.21,6.31,47.95,0.23,34.1,0.14,37.29,409.0,1.56,7.5,55.22
E009,"Banana, ripe, montham",1,463,1.25,0.32,24.95,2.21,6.77,0.4,30.22,0.15,20.85,362.0,1.25,8.06,17.93
E010,"Banana, ripe, poovam",2,445,1.49,0.35,23.41,2.33,8.73,0.35,43.79,0.17,33.63,335.0,1.0,6.74,19.95
E011,"Banana, ripe, red",1,467,1.29,0.29,25.21,1.98,9.56,0.24,31.44,0.09,23.27,313.0,1.11,6.74,18.92
E012,"Banana, ripe, robusta",6,440,1.23,0.33,23.63,1.94,5.07,0.28,34.98,0.14,24.32,306.0,0.85,4.76,16.81
E013,Black berry,5,227,0.92,0.63,10.64,4.35,23.81,0.63,30.9,0.11,20.08,205.0,1.21,19.45,22.95
E014,"Cherries, red",4,250,1.49,0.46,11.87,2.12,23.88,0.36,14.37,0.12,25.31,165.0,1.64,8.82,4.92
E015,"Currants, black",1,227,1.51,0.53,9.93,4.07,40.32,1.36,16.66,0.21,78.8,283.0,1.45,182.0,8.48
E016,Custard apple,1,414,1.62,0.67,20.38,5.1,28.2,0.42,38.47,0.22,40.81,278.0,3.11,21.51,7.6
E017,"Dates, dry, pale brown",6,1340,2.45,0.35,74.91,8.95,71.2,3.2,73.79,0.7,73.02,804.0,3.27,4.42,18.65
E018,"Dates, dry, dark brown",2,1301,2.38,0.35,72.67,9.1,66.13,4.79,75.23,0.58,70.26,782.0,3.09,3.84,12.8
E019,"Dates, processed",2,1197,1.18,0.41,67.95,6.52,15.73,0.89,14.34,0.42,33.88,289.0,1.6,15.51,24.53
E020,Fig,6,341,2.03,0.37,16.28,4.64,78.52,0.69,26.18,0.22,21.62,231.0,2.37,16.92,13.67
E021,Goosberry,5,99,0.34,0.16,4.39,7.75,20.14,1.25,6.5,0.05,21.85,223.0,1.37,252.0,7.86
E022,"Grapes, seeded, round, black",4,254,0.76,0.32,13.23,1.35,10.57,0.22,7.47,0.05,21.04,171.0,1.93,18.3,8.69
E023,"Grapes, seeded, round, green",5,235,0.77,0.29,12.19,1.25,11.16,0.24,6.87,0.05,19.5,166.0,1.89,17.1,8.35
E024,"Grapes, seeded, round, red",5,244,0.95,0.29,12.55,1.28,11.27,0.33,7.06,0.07,27.91,188.0,1.59,20.59,7.49
E025,"Grapes, seedless, oval, black",5,395,1.41,0.46,20.48,1.64,15.26,0.28,11.29,0.1,29.02,237.0,1.83,27.32,7.22
E026,"Grapes, seedless, round, green",5,224,0.62,0.26,11.81,1.28,14.22,0.24,8.43,0.05,20.27,168.0,1.81,16.47,8.31
E027,"Grapes, seedless, round, black",5,374,1.24,0.35,19.86,1.15,18.75,0.39,10.8,0.09,26.68,235.0,1.92,22.79,8.89
E028,"Guava, white flesh",5,135,1.44,0.32,5.13,8.59,18.52,0.32,15.26,0.23,23.54,283.0,2.87,214.0,29.76
E029,"Guava, pink flesh",5,195,1.19,0.25,9.14,7.39,14.22,0.4,13.26,0.21,29.93,270.0,1.89,222.0,32.17
E030,"Jack fruit, ripe",5,302,2.74,0.15,14.01,3.62,35.03,0.36,31.84,0.17,23.02,279.0,1.62,6.73,32.15
E031,"Jambu fruit, ripe",2,235,0.82,0.17,12.3,3.07,25.36,0.33,27.97,0.06,9.6,103.0,2.64,16.47,7.63
E032,Karonda fruit,1,141,1.15,1.67,2.87,7.25,10.81,0.87,24.45,0.25,32.62,351.0,2.55,135.0,8.72
E033,"Lemon, juice",6,153,0.41,0.75,0.0,0.0,22.68,0.12,8.9,0.08,9.86,113.0,1.21,48.16,12.43
E034,"Lime, sweet, pulp",6,114,0.76,0.2,5.18,2.07,25.79,0.11,15.4,0.05,20.55,182.0,1.17,46.96,15.38
E035,Litchi,4,225,0.99,0.26,11.41,1.34,5.77,0.79,14.58,0.24,23.32,161.0,0.54,33.82,15.69
E036,"Mango, ripe, banganapalli",6,175,0.54,0.55,8.18,1.88,15.77,0.51,13.35,0.12,11.07,144.0,1.34,32.97,82.05
E037,"Mango, ripe, gulabkhas",2,209,0.52,0.53,10.32,1.67,19.33,0.38,11.53,0.06,10.66,115.0,1.39,27.65,84.35
E038,"Mango, ripe, himsagar",3,187,0.46,0.54,9.03,1.55,15.54,0.29,12.07,0.12,12.25,137.0,1.31,49.09,90.98
E039,"Mango, ripe, kesar",4,231,0.54,0.57,11.36,2.02,15.74,0.43,12.53,0.1,12.36,143.0,1.43,29.08,90.43
E040,"Mango, ripe, neelam",2,178,0.68,0.55,8.21,1.77,11.36,0.36,10.1,0.07,11.63,137.0,1.2,29.93,68.7
E041,"Mango, ripe, paheri",2,188,0.68,0.58,8.67,1.97,15.11,0.51,14.28,0.2,15.18,153.0,1.63,30.75,65.28
E042,"Mango, ripe, totapari",1,248,0.41,0.49,12.75,1.73,13.34,0.28,12.55,0.08,9.87,160.0,1.32,25.26,77.69
E043,Mangosteen,1,219,0.63,0.24,11.41,1.87,4.69,0.28,12.0,0.21,7.18,46.93,3.79,26.33,13.52
E044,Manila tamarind,1,342,3.56,1.14,13.54,4.4,8.51,0.71,32.98,0.56,73.53,376.0,1.35,55.78,4.24
E045,"Musk melon, orange flesh",5,97,0.42,0.35,4.24,1.51,9.8,0.18,11.62,0.09,17.28,206.0,14.94,22.76,22.31
E046,"Musk melon, yellow flesh",6,116,0.53,0.26,5.4,1.49,9.02,0.21,9.81,0.09,13.09,196.0,15.78,21.32,20.23
E047,"Orange, pulp",6,156,0.7,0.13,7.92,1.29,19.52,0.81,11.05,0.04,12.9,164.0,1.47,42.72,19.46
E048,"Palm fruit, tender",1,101,0.5,0.12,4.92,2.4,0.0,0.0,0.0,0.05,0.0,158.0,1.25,0.25,24.4
E049,"Papaya, ripe",6,100,0.42,0.16,4.61,2.83,15.02,0.23,10.97,0.08,17.73,173.0,6.68,43.09,60.9
E050,Peach,1,168,0.86,0.37,7.82,2.13,6.98,0.35,8.06,0.1,19.08,281.0,1.15,5.49,6.34
E051,Pear,6,157,0.36,0.27,8.09,4.48,6.55,0.28,7.61,0.07,6.74,106.0,1.64,3.31,5.28
E052,Phalsa,2,299,1.66,0.14,15.09,4.54,153.0,2.01,76.92,0.48,23.65,362.0,1.99,5.11,22.56
E053,Pineapple,6,180,0.52,0.16,9.42,3.46,10.88,0.28,12.68,0.1,13.56,143.0,1.43,36.37,18.21
E054,Plum,3,238,0.64,0.4,12.1,2.07,7.61,0.25,7.79,0.1,13.83,162.0,1.55,2.26,14.29
E055,"Pomegranate, maroon seeds",6,229,1.33,0.15,11.58,2.83,10.65,0.31,11.07,0.18,27.2,206.0,2.13,12.69,38.64
E056,Pummelo,3,210,0.68,0.42,10.64,0.8,14.03,0.06,6.83,0.06,13.99,189.0,1.06,48.89,13.44
E057,"Raisins, dried, black",6,1279,2.57,0.34,71.29,3.92,73.24,6.81,33.76,0.22,77.62,1105.0,10.99,2.05,38.3
E058,"Raisins, dried, golden",6,1241,2.76,0.35,68.79,4.56,51.83,4.26,28.32,0.25,93.3,913.0,10.16,1.85,34.68
E059,Rambutan,1,306,0.68,0.16,16.84,1.02,8.67,0.37,21.38,0.53,6.98,131.0,1.75,65.0,7.35
E060,Sapota,6,307,0.92,1.26,13.9,9.6,17.87,0.49,16.19,0.18,22.26,280.0,4.61,20.96,10.83
E061,Soursop,1,260,0.74,0.94,11.94,4.95,10.05,0.29,17.7,0.12,25.83,264.0,6.78,59.54,6.09
E062,Star fruit,1,110,0.79,0.39,4.51,2.81,4.97,0.45,11.53,0.24,11.67,159.0,1.56,33.55,8.43
E063,Strawberry,6,103,0.97,0.56,3.4,2.5,15.28,0.36,15.53,0.14,26.31,140.0,1.19,50.2,8.91
E064,"Tamarind, pulp",6,1207,2.92,0.15,67.35,5.31,149.0,9.16,82.73,0.58,113.0,836.0,24.92,3.62,9.79
E065,"Water melon, dark green (sugar baby)",6,85,0.6,0.16,3.86,0.7,5.29,0.22,9.91,0.1,11.33,124.0,1.89,13.26,5.88
E066,"Water melon, pale green",6,70,0.59,0.16,3.02,0.78,4.35,0.16,7.42,0.07,8.09,126.0,1.62,11.45,5.55
E067,Wood Apple,3,327,3.14,3.62,7.52,5.21,55.71,0.45,23.7,0.31,84.32,347.0,1.48,22.17,6.51
E068,Zizyphus,1,204,1.34,0.35,9.4,3.73,46.55,0.4,16.72,0.1,32.38,237.0,1.52,60.93,5.99
F001,Beet root,6,149,1.95,0.14,6.18,3.31,17.28,0.76,33.21,0.3,36.33,306.0,69.44,5.26,97.37
F002,"Carrot, orange",6,139,0.95,0.47,5.55,4.18,35.09,0.6,16.73,0.25,43.06,273.0,52.33,6.22,24.04
F003,"Carrot, red",4,160,1.04,0.47,6.71,4.49,41.06,0.71,18.83,0.34,25.81,267.0,60.69,6.76,23.67
F004,Colocasia,6,372,3.31,0.17,17.85,3.22,30.18,0.66,36.93,0.41,81.16,514.0,4.54,1.83,19.91
F005,Lotus root,3,332,1.94,0.93,14.67,4.7,37.71,3.34,26.58,0.35,74.3,611.0,20.63,26.63,26.49
F006,"Potato, brown skin, big",6,292,1.54,0.23,14.89,1.71,9.52,0.57,24.07,0.28,43.42,541.0,4.11,23.15,15.51
F007,"Potato, brown skin, small",1,255,1.35,0.22,12.9,1.69,8.53,0.53,22.34,0.38,37.9,474.0,3.97,26.41,13.85
F008,"Potato, red skin",1,306,1.83,0.22,15.43,1.68,8.62,0.66,25.54,0.34,30.39,501.0,4.36,25.04,17.83
F009,"Radish, elongate, red skin",3,134,0.67,0.13,6.71,2.46,28.44,0.37,13.34,0.16,27.51,255.0,24.73,17.63,24.65
F010,"Radish, elongate, white skin",6,135,0.77,0.15,6.56,2.65,30.2,0.36,16.07,0.22,30.1,288.0,28.2,19.91,29.75
F011,"Radish, round, red skin",1,130,0.89,0.16,6.07,2.29,35.76,0.42,22.25,0.18,28.27,308.0,32.27,15.69,24.59
F012,"Radish, round, white skin",2,129,0.8,0.14,6.13,2.37,34.23,0.41,15.46,0.17,29.47,287.0,24.14,14.0,22.6
F013,"Sweet potato, brown skin",4,456,1.33,0.26,24.25,3.99,27.5,0.35,17.37,0.16,42.96,345.0,29.6,17.94,15.62
F014,"Sweet potato, pink skin",3,452,1.27,0.33,23.93,3.94,28.93,0.51,21.05,0.14,37.6,329.0,29.04,22.2,14.44
F015,Tapioca,3,334,1.03,0.2,17.81,4.61,25.89,0.81,23.08,0.17,42.55,255.0,10.86,15.51,25.64
F016,Water Chestnut,1,400,0.86,0.37,21.46,3.02,37.15,0.77,57.43,0.67,62.83,382.0,13.08,5.26,9.8
F017,"Yam, elephant",6,353,2.56,0.14,17.46,4.17,46.91,1.22,33.51,0.26,43.06,501.0,14.33,15.22,20.54
F018,"Yam, ordinary",4,349,2.18,0.17,17.65,4.08,16.19,0.77,30.4,0.33,49.46,463.0,15.28,13.88,15.68
F019,"Yam, wild",2,430,3.07,0.3,20.95,4.57,44.13,1.04,31.75,0.31,55.94,654.0,12.8,14.06,21.01
G001,"Chillies, green-1",5,191,2.62,0.73,6.32,4.86,24.1,1.46,34.72,0.31,62.16,431.0,3.32,79.5,25.31
G002,"Chillies, green-2",3,167,2.28,0.75,5.27,5.13,16.86,1.24,27.54,0.26,51.72,321.0,2.47,90.97,25.93
G003,"Chillies, green-3",5,169,2.38,0.75,5.23,5.1,18.04,1.25,29.9,0.27,50.24,317.0,2.56,93.63,20.45
G004,"Chillies, green-4",3,190,2.33,0.74,6.63,4.15,15.87,1.08,29.74,0.28,42.79,318.0,1.94,102.0,15.92
G005,"Chillies, green-5",2,180,2.01,0.65,6.64,3.95,15.31,0.93,23.96,0.31,44.35,317.0,2.19,97.77,17.75
G006,"Chillies, green-6",1,175,3.01,0.64,5.31,5.15,24.82,0.75,34.8,0.29,56.05,340.0,2.43,108.0,18.87
G007,"Chillies, green-7",1,163,2.12,0.6,5.61,4.95,16.85,1.23,26.71,0.17,45.58,319.0,2.0,112.0,19.39
G008,"Chillies, green - all varieties",6,177,2.36,0.72,5.86,4.77,18.45,1.2,29.51,0.27,50.91,341.0,2.5,94.07,21.5
G009,Coriander leaves,6,130,3.52,0.7,1.93,4.66,146.0,5.3,72.68,0.68,64.69,546.0,37.0,23.87,51.01
G010,Curry leaves,6,266,7.41,1.06,4.51,16.83,659.0,8.67,182.0,1.18,83.29,584.0,18.66,6.04,117.0
G011,"Garlic, big clove",6,518,6.92,0.16,21.93,5.22,20.08,1.05,27.08,0.89,119.0,430.0,9.42,12.62,85.77
G012,"Garlic, small clove",3,514,6.75,0.14,21.84,5.47,17.63,0.88,25.78,0.81,116.0,453.0,10.56,13.57,78.82
G013,"Garlic, single clove, Kashmir",1,523,6.12,0.16,23.46,4.01,19.0,1.01,41.13,0.66,128.0,584.0,8.87,15.38,92.25
G014,"Ginger, fresh",6,230,2.22,0.85,8.97,5.36,18.88,1.9,54.66,0.39,44.36,407.0,10.03,5.43,10.82
G015,Mango ginger,3,177,1.45,0.7,6.98,4.74,13.74,2.31,36.86,0.47,68.33,384.0,5.51,1.62,22.62
G016,Mint leaves,4,155,4.66,0.65,2.39,5.89,205.0,8.56,110.0,0.75,65.25,539.0,16.87,17.16,106.0
G017,"Onion, big",6,201,1.5,0.24,9.56,2.45,21.03,0.43,17.96,0.35,32.34,171.0,5.5,6.69,28.88
G018,"Onion, small",5,237,1.82,0.16,11.58,1.16,19.92,0.53,15.16,0.24,39.65,160.0,4.06,10.96,29.68
G019,Asafoetida,6,1387,6.34,1.26,71.95,5.13,266.0,15.68,96.4,0.98,69.09,245.0,16.04,0.0,26.28
G020,"Cardamom, green",6,1067,8.1,2.6,47.76,23.1,378.0,8.33,330.0,3.71,132.0,1262.0,15.51,0.0,2.85
G021,"Cardamom, black",4,1132,6.69,2.8,52.53,23.46,312.0,7.94,286.0,4.75,117.0,1331.0,16.25,0.0,4.96
G022,"Chillies, red",6,990,12.69,6.4,29.46,31.15,99.83,6.23,231.0,1.66,280.0,2245.0,19.45,0.0,51.5
G023,Cloves,6,781,5.86,8.41,18.73,34.52,567.0,9.41,334.0,1.13,83.1,1434.0,183.0,0.0,32.81
G024,Coriander seeds,6,1125,10.66,17.47,12.98,44.81,718.0,17.64,343.0,3.91,293.0,1473.0,34.41,0.0,22.07
G025,Cumin seeds,6,1274,13.91,16.64,22.62,30.35,878.0,20.58,442.0,4.29,382.0,1886.0,125.0,0.0,27.79
G026,Fenugreek seeds,6,983,25.41,5.72,10.57,47.55,135.0,8.47,167.0,3.8,435.0,891.0,40.2,0.0,51.11
G027,Mace,6,1488,6.24,24.41,26.51,20.31,174.0,22.69,207.0,1.16,110.0,623.0,27.17,0.0,32.65
G028,Nutmeg,6,1940,6.3,36.52,27.64,11.99,148.0,2.33,212.0,1.45,207.0,474.0,14.31,0.0,74.78
G029,Omum,6,1495,15.89,21.11,24.53,20.58,1034.0,13.65,273.0,5.67,329.0,1692.0,28.58,0.0,51.79
G030,Pippali,6,906,10.53,2.27,35.7,34.14,414.0,7.99,189.0,1.52,181.0,1852.0,16.28,0.0,66.45
G031,"Pepper, black",6,910,10.12,2.74,36.22,33.16,405.0,11.91,196.0,1.24,144.0,1487.0,24.08,0.0,21.89
G032,Poppy seeds,6,1768,20.31,30.38,12.37,26.68,1372.0,10.13,393.0,6.38,804.0,646.0,25.35,0.0,78.73
G033,Turmeric powder,6,1174,7.66,5.03,49.22,21.38,122.0,46.08,260.0,2.64,276.0,2374.0,24.41,0.0,13.86
H001,Almond,6,2549,18.41,58.49,3.04,13.06,228.0,4.59,318.0,3.5,446.0,699.0,1.5,0.74,36.46
H002,"Arecanut, dried, brown",6,1467,5.78,4.35,70.42,11.44,61.0,2.74,76.39,0.89,105.0,524.0,12.06,0.0,7.54
H003,"Arecanut, dried, red color",3,1477,6.46,4.46,70.27,11.11,51.0,3.26,91.01,1.02,127.0,617.0,17.13,0.0,8.57
H004,"Arecanut, fresh",2,1024,2.73,5.51,45.0,7.63,34.03,1.04,47.6,0.56,90.48,329.0,5.53,0.0,26.51
H005,Cashew nut,6,2438,18.78,45.2,25.46,3.86,34.0,5.95,307.0,5.34,500.0,635.0,9.0,0.0,25.2
H006,"Coconut, kernal, dry",6,2611,7.27,63.26,8.01,15.88,32.0,3.13,97.21,1.41,203.0,739.0,16.68,0.0,24.27
H007,"Coconut, kernel, fresh",6,1711,3.84,41.38,6.3,10.42,8.0,1.3,35.0,0.58,67.73,246.0,8.12,0.8,25.41
H008,"Garden cress, seeds",5,1863,23.36,23.74,33.66,8.27,318.0,17.2,307.0,4.83,539.0,952.0,21.84,0.0,30.92
H009,"Gingelly seeds, black",6,2124,19.17,43.1,10.29,17.16,1664.0,13.9,390.0,8.59,568.0,480.0,15.91,0.0,127.0
H010,"Gingelly seeds, brown",4,2161,21.61,43.22,9.76,17.21,1174.0,14.95,328.0,7.84,613.0,491.0,11.94,0.0,92.63
H011,"Gingelly seeds, white",5,2174,21.7,43.05,10.83,16.99,1283.0,15.04,372.0,7.77,754.0,460.0,15.43,0.0,131.0
H012,Ground nut,6,2176,23.65,39.63,17.27,10.38,54.0,3.44,197.0,3.18,391.0,679.0,12.21,0.0,90.87
H013,Mustard seeds,6,2132,19.51,40.19,16.8,14.1,402.0,13.49,266.0,4.03,715.0,694.0,3.97,0.0,94.88
H014,Linseeds,6,1857,18.55,35.67,10.99,26.17,257.0,5.44,349.0,4.86,445.0,655.0,32.93,0.0,86.5
H015,"Niger seeds, black",4,2144,18.92,38.61,22.98,10.93,572.0,18.19,346.0,4.98,461.0,716.0,10.7,0.0,140.0
H016,"Niger seeds, gray",5,2128,18.34,39.53,20.59,10.96,375.0,19.61,379.0,3.62,474.0,874.0,8.08,0.0,73.13
H017,Pine seed,5,2486,12.55,48.79,26.77,3.79,17.0,4.5,268.0,4.18,618.0,686.0,1.31,0.0,31.64
H018,Pistachio nuts,6,2257,23.35,42.49,15.82,10.64,135.0,4.5,149.0,2.42,537.0,1053.0,6.93,0.0,64.9
H019,Safflower seeds,5,1981,17.66,30.87,30.18,13.49,211.0,4.06,321.0,3.9,644.0,550.0,3.05,0.0,82.41
H020,Sunflower seeds,5,2453,23.53,51.85,6.85,10.8,176.0,5.85,413.0,7.07,752.0,559.0,1.9,0.0,81.79
H021,Walnut,6,2809,14.92,64.27,10.14,5.39,105.0,3.21,180.0,2.94,400.0,457.0,1.33,0.88,57.95
I001,"Jaggery, cane",6,1480,1.85,0.16,84.87,0.0,107.0,4.63,115.0,0.45,74.53,488.0,25.38,0.0,14.4
I002,"Sugarcane, juice",6,242,0.16,0.4,13.11,0.56,18.0,1.12,13.03,0.14,22.08,150.0,1.16,6.73,44.53
J001,"Button mushroom, fresh",1,115,3.68,0.42,1.98,3.11,18.38,0.29,18.3,0.17,87.11,318.0,7.72,0.0,8.28
J002,"Chicken mushroom, fresh",1,89,1.84,0.25,2.76,1.99,4.83,0.3,10.78,0.55,79.74,340.0,10.22,0.45,11.13
J003,"Shiitake mushroom, fresh",1,243,3.19,0.76,8.98,3.02,5.3,1.93,24.47,1.21,96.36,323.0,9.3,0.0,10.92
J004,"Oyster mushroom, dried",1,1019,19.04,2.86,33.07,39.12,23.61,3.58,136.0,8.67,702.0,350.0,8.67,0.0,10.4
K001,Toddy,10,101,0.18,0.03,5.72,0.0,0.44,0.42,3.99,0.01,5.82,83.54,1.64,0.92,0.73
K002,Coconut Water,6,64,0.26,0.16,3.16,0.0,27.47,0.06,18.19,0.04,18.05,215.0,28.09,0.64,10.88
L001,"Milk, whole, Buffalo",6,449,3.68,6.58,8.39,0.0,121.0,0.16,10.05,0.3,86.94,109.0,30.1,2.37,8.57
L002,"Milk, whole, Cow",6,305,3.26,4.48,4.94,0.0,118.0,0.15,8.28,0.33,96.56,115.0,25.46,2.01,7.03
L003,Panner,6,1079,18.86,14.78,12.41,0.0,476.0,0.9,26.62,2.74,330.0,63.53,18.04,0.0,93.31
L004,Khoa,6,1322,16.34,20.62,16.53,0.0,602.0,2.32,58.53,2.34,476.0,536.0,48.1,0.0,94.25
M001,"Egg, poultry, whole, raw",6,564,13.28,9.15,0.0,0.0,49.44,1.82,12.01,1.23,185.0,138.0,123.0,0.0,49.32
M002,"Egg, poultry, white, raw",6,187,10.84,0.06,0.0,0.0,5.64,0.07,11.42,0.03,15.81,152.0,166.0,0.0,4.96
M003,"Egg, poultry, yolk, raw",6,1242,15.74,26.34,0.0,0.0,116.0,3.17,13.17,1.64,549.0,118.0,46.33,0.0,112.0
M004,"Egg, poultry, whole, boiled",6,618,13.43,10.54,0.0,0.0,55.12,1.87,13.76,1.31,209.0,127.0,121.0,0.0,48.25
M005,"Egg, poultry, white, boiled",6,220,12.37,0.26,0.0,0.0,8.07,0.15,11.62,0.09,23.0,147.0,144.0,0.0,4.1
M006,"Egg, poultry, yolk, boiled",6,1290,16.13,27.46,0.0,0.0,120.0,4.92,15.52,3.59,586.0,106.0,44.83,0.0,110.0
M007,"Egg, poultry, omlet",3,710,16.53,11.6,0.0,0.0,53.26,2.16,14.84,1.31,222.0,163.0,169.0,0.0,37.66
M008,"Egg, country hen, whole, raw",1,704,13.14,13.0,0.0,0.0,50.14,1.64,11.0,1.12,198.0,117.0,157.0,0.0,54.6
M009,"Egg, country hen, whole, boiled",1,767,14.43,14.1,0.0,0.0,57.79,1.73,11.0,1.25,206.0,120.0,149.0,0.0,59.98
M010,"Egg, country hen, omlet",1,855,14.8,16.3,0.0,0.0,55.88,2.15,13.0,1.26,243.0,151.0,157.0,0.0,58.79
M011,"Egg, duck, whole, boiled",1,738,13.8,13.61,0.0,0.0,56.12,2.61,12.0,1.58,263.0,221.0,110.0,0.0,73.32
M012,"Egg, duck, whole, raw",1,760,14.6,13.83,0.0,0.0,52.46,2.46,12.0,1.49,247.0,228.0,113.0,0.0,75.48
M013,"Egg, duck, whole, omlet",1,804,15.1,14.8,0.0,0.0,71.79,3.28,15.0,1.89,309.0,154.0,175.0,0.0,67.95
M014,"Egg, quial, whole, raw",1,635,12.39,11.46,0.0,0.0,60.67,2.55,11.0,1.51,236.0,119.0,132.0,0.0,54.86
M015,"Egg, quial, whole, boiled",1,647,13.03,11.5,0.0,0.0,61.35,2.63,12.0,1.55,237.0,115.0,130.0,0.0,51.72
N001,"Chicken, poultry, leg, skinless",4,1605,19.44,12.64,0.0,0.0,20.52,1.27,23.82,1.77,199.0,283.0,65.07,0.0,7.47
N002,"Chicken, poultry, thigh, skinless",6,836,18.18,14.23,0.0,0.0,18.37,1.11,22.55,1.42,186.0,263.0,64.59,0.0,9.0
N003,"Chicken, poultry, breast, skinless",5,704,21.81,9.0,0.0,0.0,12.91,0.83,20.2,0.78,178.0,295.0,36.7,0.0,10.44
N004,"Chicken, poultry, wing, skinless",5,807,17.42,13.81,0.0,0.0,28.13,1.38,22.81,1.48,189.0,185.0,72.78,0.0,7.87
N005,"Poultry, chicken, liver",1,518,21.57,4.08,0.0,0.0,4.1,9.92,16.0,2.65,244.0,241.0,61.58,0.0,1032.0
N006,"Poultry, chicken, gizzard",1,386,18.22,2.07,0.0,0.0,5.46,3.19,14.0,2.65,119.0,244.0,50.6,0.0,8.72
N007,"Country hen, leg, with skin",1,723,17.01,11.73,0.0,0.0,22.56,1.66,25.0,2.71,250.0,357.0,50.46,0.0,8.1
N008,"Country hen, thigh, with skin",1,785,18.29,12.82,0.0,0.0,20.12,1.4,24.0,2.16,232.0,330.0,51.14,0.0,10.42
N009,"Country hen, breast, with skin",1,753,22.08,10.2,0.0,0.0,12.49,1.09,22.0,0.78,222.0,365.0,23.13,0.0,12.98
N010,"Country hen, wing, with skin",1,764,18.65,12.09,0.0,0.0,35.46,1.45,25.0,1.64,235.0,249.0,54.15,0.0,9.19
N011,"Duck, meat, with skin",1,547,19.07,6.03,0.0,0.0,22.77,4.26,26.0,2.92,237.0,273.0,82.25,0.0,27.98
N012,"Emu, meat, skinless",1,556,22.65,4.62,0.0,0.0,7.4,3.95,25.0,2.91,243.0,275.0,48.48,0.0,7.07
N013,"Guinea fowl, meat, with skin",1,469,20.52,3.24,0.0,0.0,30.77,2.2,21.0,1.48,187.0,240.0,57.64,0.0,5.69
N014,"Pigeon, meat, with skin",1,528,17.94,6.03,0.0,0.0,18.11,3.81,29.0,2.48,255.0,346.0,56.1,0.0,8.41
N015,"Quail, meat, skinless",1,576,20.92,5.95,0.0,0.0,20.6,1.9,31.0,1.13,300.0,333.0,56.21,0.0,9.33
N016,"Turkey, leg, with skin",1,647,20.3,8.15,0.0,0.0,20.44,2.01,26.0,3.35,236.0,308.0,66.47,0.0,8.55
N017,"Turkey, thigh, with skin",1,581,20.46,6.31,0.0,0.0,23.52,1.58,23.0,2.95,194.0,280.0,50.01,0.0,10.91
N018,"Turkey, breast, with skin",1,671,21.96,8.04,0.0,0.0,14.35,1.01,22.0,1.28,182.0,315.0,40.45,0.0,14.67
N019,"Turkey, wing, with skin",1,771,21.91,10.77,0.0,0.0,33.49,1.0,24.0,1.68,199.0,262.0,57.0,0.0,10.41
O001,"Goat, shoulder, meat",6,787,20.33,11.94,0.0,0.0,6.18,1.48,21.39,4.19,189.0,332.0,47.31,0.0,0.0
O002,"Goat, chops",6,568,20.39,5.98,0.0,0.0,7.44,1.87,21.13,4.55,195.0,334.0,45.72,0.0,0.0
O003,"Goat, legs",6,669,22.07,7.94,0.0,0.0,5.76,1.77,21.71,3.52,187.0,339.0,42.77,0.0,0.0
O004,"Goat, brain",5,533,13.82,8.06,0.0,0.0,10.61,1.63,13.94,1.08,296.0,296.0,132.0,0.0,0.0
O005,"Goat, tongue",4,789,16.63,13.68,0.0,0.0,7.11,2.09,19.39,2.44,212.0,223.0,118.0,0.0,0.0
O006,"Goat, lungs",4,401,16.86,3.09,0.0,0.0,10.44,7.1,11.48,1.7,209.0,180.0,85.72,0.0,0.0
O007,"Goat, heart",5,492,19.38,4.4,0.0,0.0,5.71,3.38,18.0,1.45,174.0,224.0,73.21,0.0,0.0
O008,"Goat, liver",6,526,20.32,4.88,0.0,0.0,6.09,6.56,18.0,3.48,336.0,284.0,55.41,0.0,0.0
O009,"Goat, tripe",5,386,15.36,3.36,0.0,0.0,20.87,0.81,13.0,1.66,59.2,45.0,22.38,0.0,0.0
O010,"Goat, spleen",4,401,18.45,2.37,0.0,0.0,8.35,51.41,15.3,1.95,266.0,368.0,52.4,0.0,0.0
O011,"Goat, kidneys",4,374,15.6,2.93,0.0,0.0,12.37,6.73,18.6,1.73,220.0,195.0,184.0,0.0,0.0
O012,"Goat, tube (small intestine)",3,525,12.92,8.26,0.0,0.0,27.52,2.21,7.14,1.12,55.9,130.0,7.46,0.0,0.0
O013,"Goat, testis",2,298,12.32,2.39,0.0,0.0,5.95,1.43,13.66,1.19,186.0,253.0,92.61,0.0,0.0
O014,"Sheep, shoulder",5,840,18.24,14.31,0.0,0.0,5.46,1.63,21.31,3.69,195.0,336.0,45.65,0.0,0.0
O015,"Sheep, chops",4,496,18.0,5.15,0.0,0.0,7.98,2.24,21.42,3.46,191.0,323.0,45.26,0.0,0.0
O016,"Sheep, leg",5,686,21.42,8.69,0.0,0.0,6.87,1.54,22.22,2.67,187.0,333.0,49.3,0.0,0.0
O017,"Sheep, brain",1,492,13.05,7.29,0.0,0.0,10.27,1.93,14.08,1.11,271.0,312.0,122.0,0.0,0.0
O018,"Sheep, tongue",1,783,16.61,13.53,0.0,0.0,8.05,2.46,24.53,2.46,207.0,220.0,185.0,0.0,0.0
O019,"Sheep, lungs",2,363,16.12,2.41,0.0,0.0,7.74,8.58,11.68,1.58,187.0,204.0,109.0,0.0,0.0
O020,"Sheep, heart",1,445,18.19,3.66,0.0,0.0,6.79,3.07,15.19,1.31,163.0,225.0,72.62,0.0,0.0
O021,"Sheep, liver",4,559,22.26,4.87,0.0,0.0,5.92,6.15,17.91,3.73,334.0,280.0,55.82,0.0,0.0
O022,"Sheep, tripe",2,435,16.76,4.05,0.0,0.0,14.85,0.9,17.81,1.89,55.61,48.75,18.37,0.0,0.0
O023,"Sheep, spleen",1,384,16.02,3.02,0.0,0.0,11.49,53.11,17.23,1.71,266.0,327.0,50.58,0.0,0.0
O024,"Sheep, kidneys",2,384,16.22,2.92,0.0,0.0,14.15,6.11,17.46,1.92,204.0,198.0,163.0,0.0,0.0
O025,"Beef, shoulder",6,889,20.56,14.59,0.0,0.0,6.5,2.22,22.24,4.64,201.0,367.0,45.59,0.0,0.0
O026,"Beef, chops",4,585,19.82,6.71,0.0,0.0,4.64,1.95,24.72,3.77,209.0,383.0,32.47,0.0,0.0
O027,"Beef, round (leg)",6,658,22.64,7.38,0.0,0.0,5.86,2.3,26.59,3.36,215.0,366.0,38.96,0.0,0.0
O028,"Beef, brain",4,523,10.55,9.28,0.0,0.0,11.38,2.15,15.84,1.18,326.0,320.0,127.0,0.0,0.0
O029,"Beef, tongue",4,731,15.63,12.57,0.0,0.0,9.49,2.17,22.82,3.31,220.0,260.0,89.88,0.0,0.0
O030,"Beef, lungs",3,351,15.66,2.28,0.0,0.0,9.31,6.85,11.6,1.52,172.0,216.0,109.0,0.0,0.0
O031,"Beef, heart",5,433,17.68,3.57,0.0,0.0,6.16,3.62,15.66,1.5,181.0,258.0,70.52,0.0,0.0
O032,"Beef, liver",6,499,20.73,3.96,0.0,0.0,5.46,14.82,18.57,4.36,332.0,289.0,50.14,0.0,0.0
O033,"Beef, tripe",5,316,13.1,2.51,0.0,0.0,15.3,0.84,9.33,2.02,60.17,143.0,41.0,0.0,0.0
O034,"Beef, spleen",6,378,17.42,2.22,0.0,0.0,9.4,31.68,15.8,2.01,252.0,348.0,58.94,0.0,0.0
O035,"Beef, kidneys",3,439,17.09,4.01,0.0,0.0,15.31,4.71,14.7,1.4,180.0,184.0,160.0,0.0,0.0
O036,"Calf, shoulder",2,633,20.98,7.47,0.0,0.0,8.39,1.31,22.71,3.31,197.0,369.0,77.0,0.0,0.0
O037,"Calf, chops",2,524,22.47,3.85,0.0,0.0,9.27,1.2,20.77,3.29,195.0,366.0,64.94,0.0,0.0
O038,"Calf, round (leg)",2,615,21.1,6.92,0.0,0.0,10.03,2.4,22.28,2.64,185.0,356.0,67.04,0.0,0.0
O039,"Calf, brain",2,448,9.84,7.6,0.0,0.0,10.53,1.44,14.29,1.11,296.0,306.0,115.0,0.0,0.0
O040,"Calf, tongue",2,737,17.78,11.76,0.0,0.0,9.08,2.63,15.38,2.67,178.0,238.0,91.64,0.0,0.0
O041,"Calf, heart",1,459,18.84,3.75,0.0,0.0,6.48,4.66,18.21,1.63,185.0,224.0,58.0,0.0,0.0
O042,"Calf, liver",1,503,21.02,3.95,0.0,0.0,5.19,16.26,19.16,3.8,358.0,307.0,54.99,0.0,0.0
O043,"Calf, spleen",1,379,17.71,2.12,0.0,0.0,10.56,25.42,18.95,2.02,274.0,372.0,67.87,0.0,0.0
O044,"Calf, kidneys",2,387,15.16,3.5,0.0,0.0,12.63,4.92,17.35,1.58,204.0,206.0,174.0,0.0,0.0
O045,"Mithun, shoulder",1,736,19.05,11.14,0.0,0.0,4.27,2.05,18.86,6.11,199.0,307.0,32.94,0.0,0.0
O046,"Mithun, chops",1,536,18.19,6.12,0.0,0.0,4.88,2.25,18.2,6.08,178.0,222.0,42.17,0.0,0.0
O047,"Mithun, round (leg)",1,485,19.61,4.1,0.0,0.0,5.32,2.18,22.23,3.47,190.0,338.0,28.42,0.0,0.0
O048,"Pork, shoulder",6,993,17.41,18.83,0.0,0.0,9.95,0.91,15.01,2.08,157.0,234.0,54.47,0.0,0.0
O049,"Pork, chops",6,748,19.41,11.3,0.0,0.0,8.12,1.0,11.62,1.34,143.0,243.0,43.7,0.0,0.0
O050,"Pork, ham",6,1006,18.83,18.55,0.0,0.0,7.4,1.27,17.05,1.76,140.0,239.0,40.44,0.0,0.0
O051,"Pork, lungs",4,358,15.13,2.74,0.0,0.0,10.3,6.76,9.82,1.18,161.0,200.0,61.41,0.0,0.0
O052,"Pork, heart",4,457,16.31,4.87,0.0,0.0,4.74,3.97,18.23,1.6,187.0,268.0,70.52,0.0,0.0
O053,"Pork, liver",5,484,19.89,3.94,0.0,0.0,5.52,20.74,16.59,4.19,310.0,279.0,64.89,0.0,0.0
O054,"Pork, stomach",1,550,15.36,7.81,0.0,0.0,11.75,1.92,23.32,2.34,125.0,200.0,109.0,0.0,0.0
O055,"Pork, spleen",3,357,15.13,2.71,0.0,0.0,6.98,27.21,16.08,2.09,230.0,325.0,49.14,0.0,0.0
O056,"Pork, kidneys",5,379,14.35,3.65,0.0,0.0,6.71,6.26,15.56,1.9,201.0,198.0,138.0,0.0,0.0
O057,"Pork, tube (small intestine)",1,587,14.96,8.98,0.0,0.0,16.05,2.83,9.78,1.36,124.0,140.0,60.17,0.0,0.0
O058,"Hare, shoulder",1,603,21.13,6.58,0.0,0.0,57.51,2.98,28.0,2.72,260.0,303.0,55.03,0.0,0.0
O059,"Hare, chops",1,445,20.62,2.55,0.0,0.0,38.36,2.78,31.0,1.45,295.0,340.0,48.61,0.0,0.0
O060,"Hare, leg",1,503,20.52,4.16,0.0,0.0,53.02,2.46,32.0,1.62,275.0,370.0,42.48,0.0,0.0
O061,"Rabbit, shoulder",1,635,20.01,7.96,0.0,0.0,46.37,1.74,32.0,2.34,238.0,361.0,61.38,0.0,0.0
O062,"Rabbit, chops",1,565,22.61,4.88,0.0,0.0,25.48,2.42,33.0,1.3,245.0,374.0,47.84,0.0,0.0
O063,"Rabbit, leg",1,584,21.31,5.99,0.0,0.0,22.31,1.21,21.0,1.23,245.0,389.0,46.03,0.0,0.0
P001,Allathi,1,406,21.77,0.98,0.0,0.0,13.78,0.62,29.08,0.3,215.0,286.0,32.68,0.0,0.0
P002,Aluva,3,434,21.63,1.8,0.0,0.0,11.32,0.42,34.38,0.38,245.0,470.0,44.86,0.0,0.0
P003,Anchovy,2,367,19.88,0.78,0.0,0.0,36.6,0.54,53.0,0.65,246.0,270.0,212.0,0.0,0.0
P004,Ari fish,1,415,22.01,1.11,0.0,0.0,4.36,0.47,30.27,0.31,265.0,447.0,37.35,0.0,0.0
P005,Betki,1,284,15.28,0.29,0.0,0.0,8.84,0.31,24.16,0.36,188.0,355.0,63.68,0.0,0.0
P006,Black snapper,1,377,19.5,1.24,0.0,0.0,9.91,0.56,26.72,0.4,195.0,341.0,41.23,0.0,0.0
P007,Bombay duck,2,287,13.53,1.03,0.0,0.0,159.0,0.81,24.27,0.42,185.0,188.0,223.0,0.0,0.0
P008,Bommuralu,3,485,22.3,2.87,0.0,0.0,47.33,0.43,27.13,0.67,207.0,349.0,61.87,0.0,0.0
P009,Cat fish,1,456,22.18,2.13,0.0,0.0,5.54,0.72,25.69,0.58,252.0,429.0,35.82,0.0,0.0
P010,Chakla,5,406,20.21,1.68,0.0,0.0,6.55,0.41,24.71,0.57,219.0,343.0,51.41,0.0,0.0
P011,Chappal,1,317,17.17,0.67,0.0,0.0,10.22,1.29,25.85,0.67,203.0,306.0,38.12,0.0,0.0
P012,Chelu,2,366,20.02,0.7,0.0,0.0,8.17,0.67,31.68,0.41,252.0,406.0,37.6,0.0,0.0
P013,Chembali,1,406,20.06,1.77,0.0,0.0,23.72,0.31,30.55,0.32,211.0,323.0,38.98,0.0,0.0
P014,Eri meen,1,454,22.3,2.02,0.0,0.0,12.45,0.46,30.99,0.31,243.0,402.0,41.19,0.0,0.0
P015,Gobro,2,362,19.37,0.88,0.0,0.0,24.18,0.36,28.23,0.37,170.0,316.0,52.68,0.0,0.0
P016,Guitar fish,1,400,22.56,0.44,0.0,0.0,17.32,0.44,27.45,0.35,230.0,342.0,70.81,0.0,0.0
P017,Hilsa,2,1083,21.8,18.49,0.0,0.0,19.82,1.19,30.62,0.64,278.0,341.0,80.88,0.0,0.0
P018,Jallal,1,420,21.55,1.46,0.0,0.0,14.73,0.46,29.12,0.83,204.0,368.0,74.33,0.0,0.0
P019,Jathi vela meen,2,453,22.45,1.92,0.0,0.0,6.65,0.28,31.12,0.35,249.0,467.0,30.53,0.0,0.0
P020,Kadal bral,1,368,18.72,1.34,0.0,0.0,73.92,0.31,29.55,0.38,219.0,366.0,53.66,0.0,0.0
P021,Kadali,1,530,22.07,4.2,0.0,0.0,8.62,0.38,26.23,0.35,207.0,390.0,36.06,0.0,0.0
P022,Kalamaara,2,523,20.89,4.54,0.0,0.0,7.54,0.5,34.29,0.38,227.0,420.0,29.33,0.0,0.0
P023,Kalava,1,374,19.38,1.2,0.0,0.0,10.66,0.26,22.87,0.82,177.0,279.0,40.14,0.0,0.0
P024,Kanamayya,2,367,20.19,0.65,0.0,0.0,7.72,0.36,27.07,0.31,194.0,346.0,50.53,0.0,0.0
P025,Kannadi paarai,3,423,22.09,1.27,0.0,0.0,9.04,0.31,32.36,0.4,252.0,432.0,59.57,0.0,0.0
P026,Karimeen,1,386,19.68,1.38,0.0,0.0,11.73,0.6,28.49,0.46,192.0,452.0,23.72,0.0,0.0
P027,Karnagawala,1,363,19.52,0.84,0.0,0.0,60.03,0.44,44.3,0.41,178.0,228.0,63.27,0.0,0.0
P028,Kayrai,2,454,20.15,3.0,0.0,0.0,6.0,0.98,31.74,0.39,266.0,321.0,25.12,0.0,0.0
P029,Kiriyan,1,556,22.49,4.7,0.0,0.0,19.42,1.0,31.98,0.82,214.0,277.0,35.88,0.0,0.0
P030,Kite fish,1,413,23.07,0.56,0.0,0.0,11.02,1.38,28.46,0.55,231.0,387.0,59.03,0.0,0.0
P031,Korka,1,528,23.72,3.36,0.0,0.0,11.12,0.73,28.55,1.47,229.0,349.0,43.3,0.0,0.0
P032,Kulam paarai,1,501,21.62,3.6,0.0,0.0,15.17,0.5,30.79,0.52,244.0,366.0,49.17,0.0,0.0
P033,Maagaa,1,366,20.11,0.67,0.0,0.0,8.42,0.23,30.32,0.35,181.0,375.0,52.28,0.0,0.0
P034,Mackerel,3,423,21.51,1.53,0.0,0.0,31.27,1.46,37.46,0.67,231.0,309.0,83.01,0.0,0.0
P035,Manda clathi,1,398,21.27,1.0,0.0,0.0,11.48,0.43,37.88,0.37,320.0,431.0,58.5,0.0,0.0
P036,Matha,2,389,21.17,0.79,0.0,0.0,14.02,0.32,40.24,0.32,263.0,450.0,62.58,0.0,0.0
P037,Milk fish,1,442,23.66,1.09,0.0,0.0,29.18,1.35,35.38,2.43,292.0,301.0,42.98,0.0,0.0
P038,Moon fish,1,526,20.74,4.69,0.0,0.0,29.18,1.67,37.14,0.93,169.0,157.0,65.17,0.0,0.0
P039,Mullet,3,393,20.23,1.32,0.0,0.0,35.2,1.31,34.09,0.45,222.0,331.0,66.09,0.0,0.0
P040,Mural,1,345,19.04,0.58,0.0,0.0,8.61,0.24,27.1,0.71,224.0,330.0,110.0,0.0,0.0
P041,Myil meen,2,410,22.89,0.56,0.0,0.0,7.2,1.2,30.08,0.58,268.0,365.0,61.96,0.0,0.0
P042,Nalla bontha,1,364,19.82,0.72,0.0,0.0,9.04,0.31,29.2,0.3,197.0,403.0,57.87,0.0,0.0
P043,Narba,2,432,21.95,1.6,0.0,0.0,7.21,1.11,26.33,0.45,235.0,384.0,49.51,0.0,0.0
P044,Paarai,1,435,21.58,1.84,0.0,0.0,13.52,0.69,27.59,0.45,284.0,384.0,45.22,0.0,0.0
P045,Padayappa,1,360,19.7,0.69,0.0,0.0,9.83,0.33,28.98,1.48,256.0,490.0,33.87,0.0,0.0
P046,Pali kora,1,394,19.25,1.81,0.0,0.0,17.03,0.42,28.0,0.38,195.0,364.0,54.85,0.0,0.0
P047,Pambada,2,537,21.95,4.44,0.0,0.0,16.53,0.38,29.87,0.41,170.0,263.0,82.65,0.0,0.0
P048,Pandukopa,1,360,19.73,0.65,0.0,0.0,12.18,0.47,29.15,0.33,203.0,427.0,49.15,0.0,0.0
P049,Parava,1,467,21.5,2.74,0.0,0.0,29.12,3.58,32.52,0.56,194.0,363.0,84.08,0.0,0.0
P050,Parcus,1,361,19.87,0.62,0.0,0.0,21.08,0.28,28.84,0.33,218.0,446.0,64.38,0.0,0.0
P051,Parrot fish,1,375,20.82,0.57,0.0,0.0,9.21,0.38,28.88,0.31,316.0,432.0,51.79,0.0,0.0
P052,Perinkilichai,1,387,20.89,0.87,0.0,0.0,7.25,0.29,29.01,0.36,236.0,365.0,34.16,0.0,0.0
P053,Phopat,4,424,22.05,1.33,0.0,0.0,9.32,0.47,32.27,0.36,258.0,439.0,36.2,0.0,0.0
P054,Piranha,1,549,20.46,5.43,0.0,0.0,14.85,0.5,23.41,0.43,170.0,323.0,38.97,0.0,0.0
P055,"Pomfret, black",2,515,18.91,4.83,0.0,0.0,18.1,0.78,28.22,0.5,195.0,295.0,69.09,0.0,0.0
P056,"Pomfret, snub nose",2,375,21.05,0.46,0.0,0.0,6.57,0.41,29.85,0.92,247.0,483.0,36.1,0.0,0.0
P057,"Pomfret, white",2,513,19.02,5.12,0.0,0.0,13.64,0.31,32.2,0.53,211.0,255.0,46.09,0.0,0.0
P058,Pranel,1,405,19.69,1.89,0.0,0.0,21.88,0.41,26.26,0.55,166.0,251.0,52.37,0.0,0.0
P059,Pulli paarai,1,399,20.06,1.55,0.0,0.0,21.84,0.35,31.12,0.52,232.0,335.0,58.56,0.0,0.0
P060,Queen fish,3,400,20.97,1.17,0.0,0.0,5.75,0.49,28.1,0.35,235.0,440.0,48.93,0.0,0.0
P061,Raai fish,2,430,21.61,1.69,0.0,0.0,11.09,0.46,21.99,0.36,213.0,347.0,47.62,0.0,0.0
P062,Raai vanthu,1,410,19.39,2.17,0.0,0.0,8.72,0.36,27.39,0.35,178.0,311.0,50.83,0.0,0.0
P063,Rani,1,377,18.83,1.49,0.0,0.0,37.9,0.87,29.91,0.4,208.0,335.0,63.17,0.0,0.0
P064,"Ray fish, bow head, spotted",1,349,19.03,0.7,0.0,0.0,9.64,0.25,19.25,0.49,196.0,353.0,105.0,0.0,0.0
P065,Red snapper,1,437,22.79,1.34,0.0,0.0,8.39,0.37,32.65,0.34,204.0,446.0,59.89,0.0,0.0
P066,"Red snapper, small",1,451,21.5,2.3,0.0,0.0,17.43,0.57,31.03,0.4,204.0,327.0,38.97,0.0,0.0
P067,Sadaya,1,462,20.68,2.97,0.0,0.0,9.08,0.47,26.27,0.68,221.0,360.0,49.41,0.0,0.0
P068,Salmon,1,721,20.97,9.86,0.0,0.0,24.3,0.98,31.18,0.51,211.0,345.0,20.25,0.0,0.0
P069,Sangada,1,443,20.26,2.67,0.0,0.0,7.9,0.99,28.37,0.32,211.0,217.0,77.82,0.0,0.0
P070,Sankata paarai,1,434,21.87,1.68,0.0,0.0,6.03,0.99,27.53,0.39,246.0,379.0,22.33,0.0,0.0
P071,Sardine,1,637,17.91,8.99,0.0,0.0,42.26,0.83,24.39,0.89,191.0,228.0,38.49,0.0,0.0
P072,Shark,2,398,21.6,0.83,0.0,0.0,8.44,0.38,32.58,0.46,263.0,372.0,63.63,0.0,0.0
P073,"Shark, hammer head",1,432,23.4,0.8,0.0,0.0,7.92,0.86,25.11,0.4,200.0,304.0,53.55,0.0,0.0
P074,"Shark, spotted",1,384,20.95,0.75,0.0,0.0,8.1,0.54,19.05,0.55,179.0,318.0,131.0,0.0,0.0
P075,Shelavu,4,446,22.46,1.74,0.0,0.0,11.42,0.52,29.9,0.42,251.0,453.0,38.73,0.0,0.0
P076,Silan,1,633,22.72,6.68,0.0,0.0,28.82,0.56,22.64,0.58,163.0,223.0,29.39,0.0,0.0
P077,Silk fish,1,408,20.65,1.53,0.0,0.0,10.46,0.3,27.13,0.34,211.0,440.0,41.57,0.0,0.0
P078,Silver carp,1,555,21.71,5.17,0.0,0.0,85.55,0.58,24.97,0.57,187.0,249.0,19.6,0.0,0.0
P079,Sole fish,1,367,19.05,1.18,0.0,0.0,47.28,0.33,27.96,0.17,123.0,199.0,74.57,0.0,0.0
P080,Stingray,1,408,23.98,0.68,0.0,0.0,9.16,0.74,24.61,0.44,174.0,270.0,64.14,0.0,0.0
P081,Tarlava,2,414,21.72,1.2,0.0,0.0,11.68,0.53,30.1,0.31,199.0,370.0,67.4,0.0,0.0
P082,Tholam,2,432,20.78,2.13,0.0,0.0,11.4,0.6,26.14,0.36,241.0,382.0,28.0,0.0,0.0
P083,Tilapia,1,349,18.48,1.08,0.0,0.0,99.39,2.84,24.56,0.88,184.0,255.0,52.55,0.0,0.0
P084,Tuna,5,470,24.5,1.44,0.0,0.0,9.82,1.6,35.85,0.69,292.0,357.0,52.89,0.0,0.0
P085,"Tuna, striped",1,403,21.28,1.12,0.0,0.0,6.45,1.43,26.02,0.46,209.0,273.0,22.6,0.0,0.0
P086,Valava,1,410,21.8,1.06,0.0,0.0,37.06,0.24,39.05,0.42,229.0,365.0,91.91,0.0,0.0
P087,Vanjaram,2,570,22.28,5.18,0.0,0.0,9.85,0.41,36.73,0.74,302.0,473.0,34.85,0.0,0.0
P088,Vela meen,1,537,22.16,4.34,0.0,0.0,14.9,0.64,31.93,0.36,280.0,387.0,38.15,0.0,0.0
P089,Vora,2,422,20.14,2.14,0.0,0.0,7.64,0.27,32.27,0.29,246.0,401.0,43.66,0.0,0.0
P090,Whale shark,1,401,21.83,0.82,0.0,0.0,8.32,0.33,20.61,0.38,274.0,365.0,116.0,0.0,0.0
P091,Xiphinis,1,370,19.82,0.88,0.0,0.0,12.08,0.54,26.38,0.56,255.0,306.0,66.21,0.0,0.0
P092,"Eggs, Cat fish",1,600,24.68,5.28,0.0,0.0,61.69,6.65,59.93,3.11,445.0,252.0,54.83,0.0,0.0
Q001,Crab,1,343,10.23,1.41,0.0,0.0,128.0,1.1,38.04,0.76,100.0,171.0,244.0,0.0,0.0
Q002,"Crab, sea",1,283,15.36,0.6,0.0,0.0,333.0,0.98,80.04,3.07,193.0,252.0,313.0,0.0,0.0
Q003,"Lobster, brown",1,292,15.96,0.56,0.0,0.0,73.06,0.77,45.34,1.16,223.0,212.0,140.0,0.0,0.0
Q004,"Lobster, king siz e",1,375,18.54,0.78,0.0,0.0,66.44,0.35,50.16,1.92,261.0,315.0,191.0,0.0,0.0
Q005,Mud crab,1,190,10.0,0.55,0.0,0.0,201.0,0.87,46.92,3.3,153.0,227.0,305.0,0.0,0.0
Q006,Oyster,1,252,9.51,2.44,0.0,0.0,126.0,0.9,22.24,7.35,170.0,122.0,41.01,0.0,0.0
Q007,"Tiger prawns, brown",1,273,14.85,0.56,0.0,0.0,37.81,0.73,45.93,1.1,189.0,141.0,188.0,0.0,0.0
Q008,"Tiger Prawns, orange",1,270,14.25,0.74,0.0,0.0,71.89,0.39,30.5,1.16,191.0,140.0,61.05,0.0,0.0
R001,"Clam, green shell",1,243,12.14,0.98,0.0,0.0,121.0,1.01,73.64,1.64,128.0,152.0,322.0,0.0,0.0
R002,"Clam, white shell, ribbed",1,250,11.82,1.34,0.0,0.0,50.0,0.94,86.64,1.16,192.0,245.0,404.0,0.0,0.0
R003,Octopus,1,334,14.71,1.12,0.0,0.0,22.1,1.08,50.92,4.07,131.0,181.0,230.0,0.0,0.0
R004,"Squid, black",1,335,16.1,1.07,0.0,0.0,22.98,0.5,41.99,1.24,173.0,162.0,179.0,0.0,0.0
R005,"Squid, hard shell",1,320,16.82,0.93,0.0,0.0,8.73,0.62,35.46,1.3,173.0,116.0,99.14,0.0,0.0
R006,"Squid, red",2,329,16.25,1.44,0.0,0.0,14.15,0.26,35.74,0.95,167.0,134.0,121.0,0.0,0.0
R007,"Squid, white, small",1,353,17.41,1.15,0.0,0.0,36.46,0.39,38.53,1.64,151.0,134.0,154.0,0.0,0.0
S001,Cat fish,2,518,15.86,6.24,0.0,0.0,21.99,0.82,18.78,0.71,157.0,250.0,28.29,0.0,0.0
S002,Catla,6,394,17.94,2.15,0.0,0.0,43.53,1.14,25.58,0.68,182.0,301.0,36.56,0.0,0.0
S003,Freshwater Eel,1,451,20.41,2.63,0.0,0.0,52.99,1.54,42.5,2.23,361.0,450.0,88.67,0.0,0.0
S004,Gold fish,1,396,16.91,2.94,0.0,0.0,47.89,0.76,21.66,1.69,185.0,243.0,27.53,0.0,0.0
S005,Pangas,2,852,17.12,16.77,0.0,0.0,11.19,0.69,25.09,0.69,179.0,282.0,37.42,0.0,0.0
S006,Rohu,6,428,19.71,2.39,0.0,0.0,39.37,1.04,26.53,0.8,200.0,303.0,35.56,0.0,0.0
S007,Crab,1,327,13.23,0.89,0.0,0.0,199.0,1.1,66.77,2.49,208.0,286.0,280.0,0.0,0.0
S008,"Prawns, big",3,380,19.24,0.52,0.0,0.0,48.55,0.78,39.25,1.44,237.0,269.0,849.0,0.0,0.0
S009,"Prawns, small",6,297,13.07,0.78,0.0,0.0,67.99,0.87,26.91,0.87,192.0,224.0,77.71,0.0,0.0
S010,Tiger prawns,2,284,14.24,0.66,0.0,0.0,57.9,0.84,22.94,1.02,155.0,149.0,80.77,0.0,0.0
T001,Coconut oil,1,0,0.0,0.0,0.0,0.0,0.0,0.0,0.0,0.0,0.0,0.0,0.0,0.0,0.0
T002,Corn oil,1,0,0.0,0.0,0.0,0.0,0.0,0.0,0.0,0.0,0.0,0.0,0.0,0.0,0.0
T003,Cotton seed oil,1,0,0.0,0.0,0.0,0.0,0.0,0.0,0.0,0.0,0.0,0.0,0.0,0.0,0.0
T004,Gingelly oil,6,0,0.0,0.0,0.0,0.0,0.0,0.0,0.0,0.0,0.0,0.0,0.0,0.0,0.0
T005,Groundnut oil,5,0,0.0,0.0,0.0,0.0,0.0,0.0,0.0,0.0,0.0,0.0,0.0,0.0,0.0
T006,Mustard oil,6,0,0.0,0.0,0.0,0.0,0.0,0.0,0.0,0.0,0.0,0.0,0.0,0.0,0.0
T007,Palm oil,4,0,0.0,0.0,0.0,0.0,0.0,0.0,0.0,0.0,0.0,0.0,0.0,0.0,0.0
T008,Rice bran oil,5,0,0.0,0.0,0.0,0.0,0.0,0.0,0.0,0.0,0.0,0.0,0.0,0.0,0.0
T009,Safflower oil,1,0,0.0,0.0,0.0,0.0,0.0,0.0,0.0,0.0,0.0,0.0,0.0,0.0,0.0
T010,Safflower oil (blended),4,0,0.0,0.0,0.0,0.0,0.0,0.0,0.0,0.0,0.0,0.0,0.0,0.0,0.0
T011,Soyabean oil,6,0,0.0,0.0,0.0,0.0,0.0,0.0,0.0,0.0,0.0,0.0,0.0,0.0,0.0
T012,Sunflower oil,6,0,0.0,0.0,0.0,0.0,0.0,0.0,0.0,0.0,0.0,0.0,0.0,0.0,0.0
T013,Ghee,6,0,0.0,0.0,0.0,0.0,0.0,0.0,0.0,0.0,0.0,0.0,0.0,0.0,0.0
T014,Vanaspati,6,0,0.0,0.0,0.0,0.0,0.0,0.0,0.0,0.0,0.0,0.0,0.0,0.0,0.0
